品牌,件號,品名,車型 / 規格,位置,系列,透光度
FSK,99PVYFSKB120,"隔熱紙-車身(KS20,KS40)",MQ4,車身,KS,"20, 40"
FSK,99PVYFSKB122,隔熱紙-前檔(KS78),MQ4,前檔,KS,78
FSK,99PVYFSKB126,"隔熱紙-天窗(KS20,KS40)",MQ4,天窗,KS,"20, 40"
FSK,99PVYFSKKT120,"隔熱紙-車身(KT系列,KT8,18.38,68)",MQ4,車身,KT系列,"8, 18.38, 68"
FSK,99PVYFSKKT122,"隔熱紙-前檔(KT系列,KT68)",MQ4,前檔,KT系列,68
FSK,99PVYFSKKT126,"隔熱紙-天窗(KT系列,KT8,18.38,68)",MQ4,天窗,KT系列,"8, 18.38, 68"
FSK,99PVYFSKF120,"隔熱紙-車身(S系列,S75,50,35,25,10)",MQ4,車身,S系列,"75, 50, 35, 25, 10"
FSK,99PVYFSKF122,"隔熱紙-前檔(S系列,S75)",MQ4,前檔,S系列,75
FSK,99PVYFSKF126,"隔熱紙-天窗(S系列,S75,50,35,25,10)",MQ4,天窗,S系列,"75, 50, 35, 25, 10"
FSK,99PVYFSKTB120MQ,"隔熱紙-車身(TB15,45,75)",MQ4,車身,TB,"15, 45, 75"
FSK,99PVYFSKTB122MQ,隔熱紙-前檔(TB75),MQ4,前檔,TB,75
FSK,99PVYFSKTB126MQ,"隔熱紙-天窗(TB15,45,75)",MQ4,天窗,TB,"15, 45, 75"
FSK,99PVYFSKB120KA,"隔熱紙-車身(KS20,KS40)","KA4, MV",車身,KS,"20, 40"
FSK,99PVYFSKB122KA,隔熱紙-前檔(KS78),"KA4, MV",前檔,KS,78
FSK,99PVYFSKB126KA,"隔熱紙-天窗(KS20,KS40)","KA4, MV",天窗,KS,"20, 40"
FSK,99PVYFSKKT120KA,"隔熱紙-車身(KT系列,KT8,18.38,68)","KA4, MV",車身,KT系列,"8, 18.38, 68"
FSK,99PVYFSKKT122KA,"隔熱紙-前檔(KT系列,KT68)","KA4, MV",前檔,KT系列,68
FSK,99PVYFSKKT126KA,"隔熱紙-天窗(KT系列,KT8,18.38,68)","KA4, MV",天窗,KT系列,"8, 18.38, 68"
FSK,99PVYFSKF120KA,"隔熱紙-車身(S系列,S75,50,35,25,10)","KA4, MV",車身,S系列,"75, 50, 35, 25, 10"
FSK,99PVYFSKF122KA,"隔熱紙-前檔(S系列,S75)","KA4, MV",前檔,S系列,75
FSK,99PVYFSKF126KA,"隔熱紙-天窗 (S系列,S75,50,35,25,10)","KA4, MV",天窗 ,S系列,"75, 50, 35, 25, 10"
FSK,99PVYFSKTB120KA,"隔熱紙-車身(TB15,45,75)","KA4, MV",車身,TB,"15, 45, 75"
FSK,99PVYFSKTB122KA,隔熱紙-前檔(TB75),"KA4, MV",前檔,TB,75
FSK,99PVYFSKTB126KA,"隔熱紙-天窗(TB15,45,75)","KA4, MV",天窗,TB,"15, 45, 75"
FSK,99PVYFSKB020,"隔熱紙-車身(KS20,KS40)","JA, YB",車身,KS,"20, 40"
FSK,99PVYFSKB022,隔熱紙-前檔(KS78),"JA, YB",前檔,KS,78
FSK,99PVYFSKKT020,"隔熱紙-車身(KT系列,KT8,18.38,68)","JA, YB",車身,KT系列,"8, 18.38, 68"
FSK,99PVYFSKKT022,"隔熱紙-前檔(KT系列,KT68)","JA, YB",前檔,KT系列,68
FSK,99PVYFSKF020,"隔熱紙-車身(S系列,S75,50,35,25,10)","JA, YB",車身,S系列,"75, 50, 35, 25, 10"
FSK,99PVYFSKF022,"隔熱紙-前檔(S系列,S75)","JA, YB",前檔,S系列,75
FSK,99PVYFSKTB120JAYB,"隔熱紙-車身(TB15,45,75)","JA, YB",車身,TB,"15, 45, 75"
FSK,99PVYFSKTB122JAYB,隔熱紙-前檔(TB75),"JA, YB",前檔,TB,75
FSK,99PVYFSKB120CD,"隔熱紙-車身(KS20,KS40)","CD, CV, NQ5",車身,KS,"20, 40"
FSK,99PVYFSKB122CD,隔熱紙-前檔(KS78),"CD, CV, NQ5",前檔,KS,78
FSK,99PVYFSKB126CD,"隔熱紙-天窗(KS20,KS40)","CD, CV, NQ5",天窗,KS,"20, 40"
FSK,99PVYFSKKT120CD,"隔熱紙-車身(KT系列,KT8,18.38,68)","CD, CV, NQ5",車身,KT系列,"8, 18.38, 68"
FSK,99PVYFSKKT122CD,"隔熱紙-前檔(KT系列,KT68)","CD, CV, NQ5",前檔,KT系列,68
FSK,99PVYFSKKT126CD,"隔熱紙-天窗(KT系列,KT8,18.38,68)","CD, CV, NQ5",天窗,KT系列,"8, 18.38, 68"
FSK,99PVYFSKF120CD,"隔熱紙-車身(S系列,S75,50,35,25,10)","CD, CV, NQ5",車身,S系列,"75, 50, 35, 25, 10"
FSK,99PVYFSKF122CD,"隔熱紙-前檔(S系列,S75)","CD, CV, NQ5",前檔,S系列,75
FSK,99PVYFSKF126CD,"隔熱紙-天窗 (S系列,S75,50,35,25,10)","CD, CV, NQ5",天窗 ,S系列,"75, 50, 35, 25, 10"
FSK,99PVYFSKTB120CDCK,"隔熱紙-車身(TB15,45,75)","CD, CK, CV, NQ5",車身,TB,"15, 45, 75"
FSK,99PVYFSKTB122CDCK,隔熱紙-前檔(TB75),"CD, CK, CV, NQ5",前檔,TB,75
FSK,99PVYFSKTB126CDCK,"隔熱紙-天窗(TB15,45,75)","CD, CK, CV, NQ5",天窗,TB,"15, 45, 75"
3M,99PVY3MMB120JAYB,"隔熱紙-車身(極黑MB-05,20,30,38,45,60,75)","JA PE, YB PE",車身,極黑MB,"05, 20, 30, 38, 45, 60, 75"
3M,99PVY3MMB122JAYB,隔熱紙-前檔(極黑MB-75),"JA PE, YB PE",前檔,極黑MB,75
3M,99PVY3MMA120JAYB,"隔熱紙-車身(極透MA-20,40.70,80,90)","JA PE, YB PE",車身,極透MA,"20, 40.70, 80, 90"
3M,99PVY3MMA122JAYB,"隔熱紙-前檔(極透MA-70,80,90)","JA PE, YB PE",前檔,極透MA,"70, 80, 90"
3M,99PVY3MXC020,"隔熱紙-車身(P18,35,40,70)","JA, YB",車身,P,"18, 35, 40, 70"
3M,99PVY3MXC022,隔熱紙-前檔(P70),"JA, YB",前檔,P,70
3M,99PVY3MXC120CD,"隔熱紙-車身(P18,35,40,70)",CD SW,車身,P,"18, 35, 40, 70"
3M,99PVY3MXC122CD,隔熱紙-前檔(P70),CD SW,前檔,P,70
3M,99PVY3MMB120CD,"隔熱紙-車身(極黑MB-05,20,30,38,45,60,75)",CD SW,車身,極黑MB,"05, 20, 30, 38, 45, 60, 75"
3M,99PVY3MMB122CD,隔熱紙-前檔(極黑MB-75),CD SW,前檔,極黑MB,75
3M,99PVY3MMA120CD,"隔熱紙-車身(極透MA-20,40.70,80,90)",CD SW,車身,極透MA,"20, 40.70, 80, 90"
3M,99PVY3MMA122CD,"隔熱紙-前檔(極透MA-70,80,90)",CD SW,前檔,極透MA,"70, 80, 90"
3M,99PVY3MXC120CV,"隔熱紙-車身(P18,35,40,70)",CV,車身,P,"18, 35, 40, 70"
3M,99PVY3MXC122CV,隔熱紙-前檔(P70),CV,前檔,P,70
3M,99PVY3MXC126CV,"隔熱紙-天窗(P18,35,40,70)",CV,天窗,P,"18, 35, 40, 70"
3M,99PVY3MMB120CV,"隔熱紙-車身(極黑MB-05,20,30,38,45,60,75)",CV,車身,極黑MB,"05, 20, 30, 38, 45, 60, 75"
3M,99PVY3MMB122CV,隔熱紙-前檔(極黑MB-75),CV,前檔,極黑MB,75
3M,99PVY3MMB126CV,"隔熱紙-天窗(極黑MB-05,20,30,38,45,60,75)",CV,天窗,極黑MB,"05, 20, 30, 38, 45, 60, 75"
3M,99PVY3MMA120CV,"隔熱紙-車身(極透MA-20,40.70,80,90)",CV,車身,極透MA,"20, 40.70, 80, 90"
3M,99PVY3MMA122CV,"隔熱紙-前檔(極透MA-70,80,90)",CV,前檔,極透MA,"70, 80, 90"
3M,99PVY3MMA126CV,"隔熱紙-天窗(極透MA-20,40.70,80,90)",CV,天窗,極透MA,"20, 40.70, 80, 90"
3M,99PVY3MXC120MQ,"隔熱紙-車身(P18,35,40,70)","MQ4, NQ5",車身,P,"18, 35, 40, 70"
3M,99PVY3MXC122MQ,隔熱紙-前檔(P70),"MQ4, NQ5",前檔,P,70
3M,99PVY3MXC126MQ,"隔熱紙-天窗(P18,35,40,70)","MQ4, NQ5",天窗,P,"18, 35, 40, 70"
3M,99PVY3MMB120MQ,"隔熱紙-車身(極黑MB-05,20,30,38,45,60,75)","MQ4, NQ5",車身,極黑MB,"05, 20, 30, 38, 45, 60, 75"
3M,99PVY3MMB122MQ,隔熱紙-前檔(極黑MB-75),"MQ4, NQ5",前檔,極黑MB,75
3M,99PVY3MMB126MQ,"隔熱紙-天窗(極黑MB-05,20,30,38,45,60,75)","MQ4, NQ5",天窗,極黑MB,"05, 20, 30, 38, 45, 60, 75"
3M,99PVY3MMA120MQ,"隔熱紙-車身(極透MA-20,40.70,80,90)","MQ4, NQ5",車身,極透MA,"20, 40.70, 80, 90"
3M,99PVY3MMA122MQ,"隔熱紙-前檔(極透MA-70,80,90)","MQ4, NQ5",前檔,極透MA,"70, 80, 90"
3M,99PVY3MMA126MQ,"隔熱紙-天窗(極透MA-20,40.70,80,90)","MQ4, NQ5",天窗,極透MA,"20, 40.70, 80, 90"
3M,99PVY3MXC120KA,"隔熱紙-車身(P18,35,40,70)","KA4, MV",車身,P,"18, 35, 40, 70"
3M,99PVY3MXC122KA,隔熱紙-前檔(P70),"KA4, MV",前檔,P,70
3M,99PVY3MXC126KA,"隔熱紙-天窗(P18,35,40,70)","KA4, MV",天窗,P,"18, 35, 40, 70"
3M,99PVY3MMB120KA,"隔熱紙-車身(極黑MB-05,20,30,38,45,60,75)","KA4, MV",車身,極黑MB,"05, 20, 30, 38, 45, 60, 75"
3M,99PVY3MMB122KA,隔熱紙-前檔(極黑MB-75),"KA4, MV",前檔,極黑MB,75
3M,99PVY3MMB126KA,"隔熱紙-天窗(極黑MB-05,20,30,38,45,60,75)","KA4, MV",天窗,極黑MB,"05, 20, 30, 38, 45, 60, 75"
3M,99PVY3MMA120KA,"隔熱紙-車身(極透MA-20,40.70,80,90)","KA4, MV",車身,極透MA,"20, 40.70, 80, 90"
3M,99PVY3MMA122KA,"隔熱紙-前檔(極透MA-70,80,90)","KA4, MV",前檔,極透MA,"70, 80, 90"
3M,99PVY3MMA126KA,"隔熱紙-天窗(極透MA-20,40.70,80,90)","KA4, MV",天窗,極透MA,"20, 40.70, 80, 90"
Smith,99PVYMQT422,隔熱紙-前檔(T4-70),MQ4,前檔,T4,70
Smith,99PVYMQT420,"隔熱紙-車身(T4-10,20,35,45,70)",MQ4,車身,T4,"10, 20, 35, 45, 70"
Smith,99PVYMQT426,"隔熱紙-天窗(T4-10,20,35,45,70)",MQ4,天窗,T4,"10, 20, 35, 45, 70"
Smith,99PVYMQT222,隔熱紙-前擋(VEGA-70),MQ4,前擋,VEGA,70
Smith,99PVYMQT220,"隔熱紙-車身(VEGA-05,15,30,40,50,70)",MQ4,車身,VEGA,"05, 15, 30, 40, 50, 70"
Smith,99PVYMQT226,"隔熱紙-天窗(VEGA-05,15,30,40,50,70)",MQ4,天窗,VEGA,"05, 15, 30, 40, 50, 70"
Smith,99PVYMQT122,隔熱紙-前擋(BELLA-70),MQ4,前擋,BELLA,70
Smith,99PVYMQT120,"隔熱紙-車身(BELLA-05,15,30,40,70)",MQ4,車身,BELLA,"05, 15, 30, 40, 70"
Smith,99PVYMQT126,"隔熱紙-天窗(BELLA-05,15,30,40,70)",MQ4,天窗,BELLA,"05, 15, 30, 40, 70"
Smith,99PVYKAT422,隔熱紙-前檔(T4-70),"KA4, MV",前檔,T4,70
Smith,99PVYKAT420,"隔熱紙-車身(T4-10,20,35,45,70)","KA4, MV",車身,T4,"10, 20, 35, 45, 70"
Smith,99PVYKAT426,"隔熱紙-天窗(T4-10,20,35,45,70)","KA4, MV",天窗,T4,"10, 20, 35, 45, 70"
Smith,99PVYKAT222,隔熱紙-前擋(VEGA-70),"KA4, MV",前擋,VEGA,70
Smith,99PVYKAT220,"隔熱紙-車身(VEGA-05,15,30,40,50,70)","KA4, MV",車身,VEGA,"05, 15, 30, 40, 50, 70"
Smith,99PVYKAT226,"隔熱紙-天窗(VEGA-05,15,30,40,50,70)","KA4, MV",天窗,VEGA,"05, 15, 30, 40, 50, 70"
Smith,99PVYKAT122,隔熱紙-前擋(BELLA-70),KA4,前擋,BELLA,70
Smith,99PVYKAT120,"隔熱紙-車身(BELLA-05,15,30,40,70)",KA4,車身,BELLA,"05, 15, 30, 40, 70"
Smith,99PVYKAT126,"隔熱紙-天窗(BELLA-05,15,30,40,70)",KA4,天窗,BELLA,"05, 15, 30, 40, 70"
Smith,99PVYSMT4120CDCK,"隔熱紙-車身(T4-10,20,35,45,70)","CD, CK",車身,T4,"10, 20, 35, 45, 70"
Smith,99PVYSMT4122CDCK,隔熱紙-前檔(T4-70),"CD, CK",前檔,T4,70
Smith,99PVYCDT222,隔熱紙-前擋(VEGA-70),CD SW,前擋,VEGA,70
Smith,99PVYCDT220,"隔熱紙-車身(VEGA-05,15,30,40,50,70)",CD SW,車身,VEGA,"05, 15, 30, 40, 50, 70"
Smith,99PVYCDT122,隔熱紙-前擋(BELLA-70),CD SW,前擋,BELLA,70
Smith,99PVYCDT120,"隔熱紙-車身(BELLA-05,15,30,40,70)",CD SW,車身,BELLA,"05, 15, 30, 40, 70"
Smith,99PVYSMT1120EVNQ,"隔熱紙-車身(BELLA-05,15,30,40,70)","CV, NQ5",車身,BELLA,"05, 15, 30, 40, 70"
Smith,99PVYSMT1122EVNQ,隔熱紙-前擋(BELLA-70),"CV, NQ5",前擋,BELLA,70
Smith,99PVYSMT1126EV,"隔熱紙-天窗(BELLA-05,15,30,40,70)",CV,天窗,BELLA,"05, 15, 30, 40, 70"
Smith,99PVYSMT1126NQ,"隔熱紙-天窗(BELLA-05,15,30,40,70)",NQ5,天窗,BELLA,"05, 15, 30, 40, 70"
Smith,99PVYSMT4120EVNQ,"隔熱紙-車身(T4-10,20,35,45,70)","CV, NQ5",車身,T4,"10, 20, 35, 45, 70"
Smith,99PVYSMT4122EVNQ,隔熱紙-前檔(T4-70),"CV, NQ5",前檔,T4,70
Smith,99PVYSMT4126EV,"隔熱紙-天窗(T4-10,20,35,45,70)",CV,天窗,T4,"10, 20, 35, 45, 70"
Smith,99PVYSMT4126NQ,"隔熱紙-天窗(T4-10,20,35,45,70)",NQ5,天窗,T4,"10, 20, 35, 45, 70"
Smith,99PVYSMT2120EVNQ,"隔熱紙-車身(VEGA-05,15,30,40,50,70)","CV, NQ5",車身,VEGA,"05, 15, 30, 40, 50, 70"
Smith,99PVYSMT2122EVNQ,隔熱紙-前擋(VEGA-70),"CV, NQ5",前擋,VEGA,70
Smith,99PVYSMT2126EV,"隔熱紙-天窗(VEGA-05,15,30,40,50,70)",CV,天窗,VEGA,"05, 15, 30, 40, 50, 70"
Smith,99PVYSMT2126NQ,"隔熱紙-天窗(VEGA-05,15,30,40,50,70)",NQ5,天窗,VEGA,"05, 15, 30, 40, 50, 70"
Smith,99PVYSMT4120JAYB,"隔熱紙-車身(T4-10,20,35,45,70)","JA, YB",車身,T4,"10, 20, 35, 45, 70"
Smith,99PVYSMT4122JAYB,隔熱紙-前檔(T4-70),"JA, YB",前檔,T4,70
Smith,99PVYSM210A,"隔熱紙-車身(VEGA-05,15,30,40,50,70)",JA,車身,VEGA,"05, 15, 30, 40, 50, 70"
Smith,99PVYSM212A,隔熱紙-前擋(VEGA-70),JA,前擋,VEGA,70
Smith,99PVYSM010A,"隔熱紙-車身(BELLA-05,15,30,40,70)",JA,車身,BELLA,"05, 15, 30, 40, 70"
Smith,99PVYSM012A,隔熱紙-前擋(BELLA-70),JA,前擋,BELLA,70
Smith,99PVYSMYB210A,"隔熱紙-車身(VEGA-05,15,30,40,50,70)",YB,車身,VEGA,"05, 15, 30, 40, 50, 70"
Smith,99PVYSMYB212A,隔熱紙-前擋(VEGA-70),YB,前擋,VEGA,70
Smith,99PVYSMYB0A,"隔熱紙-車身(BELLA-05,15,30,40,70)",YB,車身,BELLA,"05, 15, 30, 40, 70"
Smith,99PVYSMYB2A,隔熱紙-前擋(BELLA-70),YB,前擋,BELLA,70
